X,5793,A
X,6399,A
X,7184,A
X,7448,A
X,10750,A
X,10957,A
X,13151,A
X,16185,A
X,16812,A
X,25221,A
X,27332,A
X,28568,A
X,29048,A
X,30246,A
X,32582,A
X,32854,A
X,33186,A
X,33965,A
X,37000,A
X,42389,A
X,3211,C
X,7656,C
X,7675,C
X,8493,C
X,10109,C
X,12496,C
X,15576,C
X,20763,C
X,21989,C
X,23468,C
X,26581,C
X,26646,C
X,26664,C
X,27869,C
X,29697,C
X,32149,C
X,33403,C
X,33522,C
X,35049,C
X,35157,C
X,35268,C
X,35630,C
X,35939,C
X,36272,C
X,39225,C
X,41146,C
X,3895,G
X,8088,G
X,9437,G
X,12265,G
X,12712,G
X,13746,G
X,15570,G
X,16348,G
X,17630,G
X,18443,G
X,18480,G
X,22528,G
X,24276,G
X,27049,G
X,28234,G
X,30787,G
X,31663,G
X,33823,G
X,34934,G
X,37338,G
X,37501,G
X,38500,G
X,39209,G
X,41508,G
X,44566,G
X,2795,T
X,3501,T
X,3681,T
X,7115,T
X,8770,T
X,9577,T
X,12893,T
X,14770,T
X,16102,T
X,16360,T
X,19041,T
X,20716,T
X,21828,T
X,27055,T
X,27945,T
X,28602,T
X,28606,T
X,31555,T
X,39061,T
X,39806,T
X,40432,T
X,40497,T
X,40991,T
D,2918,-
D,3626,-
D,3921,-
D,6197,-
D,7019,-
D,7595,-
D,7891,-
D,9696,-
D,10054,-
D,10962,-
D,15006,-
D,15236,-
D,16418,-
D,16989,-
D,18651,-
D,23513,-
D,24220,-
D,24478,-
D,25291,-
D,26450,-
D,27331,-
D,28192,-
D,28392,-
D,28914,-
D,29456,-
D,29977,-
D,31752,-
D,31984,-
D,33176,-
D,33231,-
D,35155,-
D,35781,-
D,36867,-
D,37116,-
D,37508,-
D,38447,-
D,38955,-
D,39362,-
I,2914,A
I,3385,A
I,15052,A
I,15669,A
I,20153,A
I,23056,A
I,23377,A
I,28761,A
I,29191,A
I,41875,A
I,3305,C
I,4485,C
I,4849,C
I,14827,C
I,16636,C
I,28576,C
I,28706,C
I,31468,C
I,39454,C
I,45997,C
I,1873,G
I,2081,G
I,7101,G
I,8240,G
I,23580,G
I,28687,G
I,32079,G
I,35898,G
I,41712,G
I,46320,G
I,3456,T
I,11765,T
I,12172,T
I,14952,T
I,20280,T
I,22684,T
I,29193,T
I,31492,T
I,41654,T
I,42982,T
I,44563,T
